[
  { "item": "bronze_patch", "cost": 20, "description": "Basic FSN starter badge." },
  { "item": "vault_key", "cost": 50, "description": "Unlocks secret quest chambers." },
  { "item": "obsidian_skin", "cost": 100, "description": "Dark, rare visual vault skin." },
  { "item": "signal_booster", "cost": 75, "description": "Increases connection range with other FSN users." },
  { "item": "data_fragrant", "cost": 150, "description": "Rare collectable item with a slight glow." },
  { "item": "quantum_cipher", "cost": 200, "description": "Advanced encryption key for premium vault storage." },
  { "item": "network_scanner", "cost": 125, "description": "Reveals hidden network nodes on the dashboard." },
  { "item": "hex_shield", "cost": 90, "description": "Protective enhancement for your FSN identity." }
]